device_id,target1
00178bfb8710d29ae67d304f95f74066,1.2311241887389175
001dc0c19e233fd92ff94a0d92cadd06,1.5389458234768685
006973e8b1d9568e1e21138f42707076,1.0357889893302423
006d709e624d2d61eced572742cf2eac,-0.1317228943575332
00c81fd5b6d8aac40248da9964aa30eb,1.2064958645062442
00fe2ecdeeccc53812d85c5feb6228fd,1.8310480626415069
013d6243157a20417f744a706550c3cf,0.3831495321088734
019405ec53730d1aaf936dbb7806ba92,1.0164838651997286
02467860b14c815d2d38e359afe944cc,2.1371179394093605
0249d9af3fa21c62a0a166b027e556f9,0.9217727997044104
0261a5f6286feb34d7a27a6ffe236e50,0.7181112919740348
0346639c05daa4bb3d4c5edd0ebaf728,1.7693550447035884
03fffdb654e27ec3f9ab627c3cf84c37,0.6525405011135055
04280551da70a8e48a71bb172bbaffbf,1.1094206593883085
0461395b0e00cb3a36dff2da79b318cf,-0.2981533700992035
046d76f0636d23c4b8163eae0446004b,-0.05119690196834304
047ed10b28157c940aa80898e509b885,1.3624268743760106
04855edf82051fe4f6c27ea041b93731,1.6934910362164792
04fc09bac93bb6d6dccba4b74620b946,0.9385693184844432
0506614e7223b73bf3de7f995c2db240,0.7666547727437136
0538b741f0e01b5567b9b2439e6ea6f5,0.9507556919494624
056a2056cf890716381113eb85e9d4ec,0.6220165445025281
05a24db5b51e23745c8475eb1ffd908f,0.8218192115748393
05cb6e80d956f5ced76198b988854b03,1.9189857831972617
062953823e68e8830ab028d5cb4747b7,0.6060880727926353
062ef09cef12bb06af54dd542c934a46,0.7460520507787607
063269f4636e6e7e0c10995196a048f0,0.8204973253849733
0669cb8b24e3fc360b6b019844a4ce9c,1.1434521659903911
06747b6298fd287949790b4755ca94c7,1.390994543497579
069c4795c4bbd521b986239fcc1131b8,0.5368227508988463
071b3f6ddb96e6e1efad39404f47dfb0,1.6541830355008795
0732558f0b9a42d5ac4eaafcd29e683c,0.20822806468840005
07545bd07bd9ad4efa5e0bd15035b5a6,0.34222690773616793
07ac437e08dea252c9f7a92f44a5343e,0.4972232577716746
0851893b8f4559fc6fd812bd5cd755c8,1.5701879498297973
08ec541776700e4fa4da964a21760faf,1.160803977216351
09145854b8c964b38069802a2ccfb39a,1.3946674689992031
093faaf07ea26bb17bdc029372429eef,0.6304741074960731
09f5b01dab718148de6d1febefabf422,1.5471412129799955
0a03ab6aad31e6b75bbde822e9a21289,0.4191093077164153
0a1d6f2ba11657d6f715fc26baf2163b,-0.250029875003847
0a347f48ff36d9ede007a322e5239411,1.9211769313247231
0a6923b70896cc4bddd0b18bcb8f6a51,1.029506498120562
0aa80dfbdc4e178524340d882faea953,1.4962649658252891
0ac1e8c6b05b88aa116c40777e12afb9,0.30679967774760997
0afe2b28e59b9bcf4efa00fb731f79a5,2.1607760603911967
0b24c93b60fee89b9cb34678e61b4384,0.5603421099248358
0b8575cc60e8c42dc0d39e0e37e895c8,1.7574016009515396
0b8e9b38a61e32b13372b3a2387db224,0.8295799070860533
0b8ecf96c633b72c164bcb4fb96c3cf5,1.4999850624288695
0c034a4a399cf92907dab9b23aee797a,0.5793141994390061
0c25f9736a9cd5092e1729eeeb4a8da9,0.33304026924567964
0c3e238f5e49e22f5e9cf7461f5dfd77,0.9114868476205896
0c55878144ac35897262a91ceff79427,0.5677130247452592
0c798a917be407a60f52f648d37dcfc1,1.529753524791566
0c95595737a806e7d01510e56d2d3cb0,1.4081863581603986
0ceeb901c34f9413d2f28e064e993c7d,1.4108302807514974
0d6c9ab496c55f357d6f9c042c0c4c4c,0.7791206707639539
0dfb7c286b0b296fbbc86c5fbdcc1dc3,1.25922112001645
0e7e08f69958278938ca994c7dc7e5de,1.8279949615067408
0edde0f471e5ad65e721292daee6ee15,1.214955137592098
0f3d2d26f124e03835fc1faf8ead1d74,0.7580040507178658
0f7c13ab372f6a92ef1a5d76af071f56,0.738507593191168
0f7c87aac161e03a468e00b1d02a5e74,1.2366965686645188
0fae0b50b325ba1ebf656bb8991e948d,0.4128276932230625
10ba3769eabe223a6419342de2754b6e,0.3953310536444409
10fd6a38fdb178329ab4cb0048308bce,0.00964718321758328
115a4d88e7fbed41d21b774895690e44,1.1153662671995137
119617d76ef35664d2127c44ab963c8b,0.40697604383611213
11acf0f8e536f7838255611f27c9e440,0.8477600483847344
11c497b327b3144e38211e1066e3114a,0.18274608284024707
11f7a669c3b022c054bea4de2dcd956b,0.8545037977743055
126315516855ea35a5132b70b560ff6b,1.010058816895327
1282792f81a174ee55b91de001e1428b,1.4356629888534411
12b54a1ab19cd8b12b7b911c1780a828,0.8005586683899139
12bd0b9d624c981cfc1647db8cf875e2,0.9908125356758632
12c11dc25282bfe6c13d43cd45bbd035,1.3431087224869454
12f3c2f5dab8f27f4bc3077e6dea28a2,1.474209721879366
1324637fd3f468a71bdf0020d8eacb0d,0.9873119669547472
138ba35941bee1f61abf64d31ac7bbd7,0.5226508680209797
13f91de73488756d45e91da7c2874401,1.1407415826772804
1418895fc189c63c7ba17e78c21ca483,0.8362898986674809
142324c30613769551318667d63a8dee,0.22288466496388956
14b57b8142c2f1e450d9269eb2ff8a03,1.1818151981275786
14fb9896326d392cec48a47464b96ee9,1.713216172352343
151e20f9fad4b2cbaeed5b1d015dde56,1.050562011799482
15a24071b86b2fac238b28b8ef403198,1.089910745656277
1712d5213ac9c5ac9549eef13d946ac0,0.8309494119214286
174b9d7611ca25cc319e9d04f95e9af7,1.4943025938756418
179493b53d47fbc00f0c1077f8b5e829,0.9742843400240204
17e7a4b3eeffbd1ca5727e2e750d7b02,0.6857856693122365
17f455ce7664267511ee0ba02ed78cb9,1.1039894316035148
1862da77f5ef3174bab35f15f1481350,1.1209519579610798
18768400d9fb02cfb3600233c5d6cb8b,0.9813299522476212
187fbf4135d765c6d5c8853ece336a21,1.4905392033667173
188420e52a258bbe1ad48270a2f3b284,0.34595544774547377
18aca4cd6009e9a7d7207abdc87c0c39,1.9914805591956708
18bd58db104d74b77da16d3cc390a999,0.4443587382255185
1918493e17681e538c2e4585308a5879,1.323624382150424
191d8f6769b3ba03e69403acff57ca93,0.8471990653996131
1972a2fef45d4b9251ced10fe8fb39d7,1.2748071857488787
19a89d1795edfc25c63db858b02b4a87,0.7600911035115376
19aec2b285dd9c584d1de05124495bc3,0.8601662843479136
19cb18d399b2430056f3c892963c59fe,0.3808100197192227
1a1f402ac3282a8f460f6b023f807eca,1.0326185105937014
1a8431e3d3e7d9a1a143af6fc9cbe953,1.1310205327008689
1ba36ad6aeb4480c54999959f6101d23,0.7605426760192847
1bb4c19330b0859e161a55ed0cd40f09,1.0566929780353649
1bcc3380c95b08da4a1a89781fb8f202,0.7259913964809364
1bcd2f1b6a4390e0633669d4b5d8be65,0.8548359277697037
1bee88017d55fb24045d52b126639def,0.5164808717389792
1c33f22b11b545549f70683ec323fa55,-0.09340402190484133
1c593f78c6c817681f447fe5a1c1de53,1.1957039303132058
1c847b80e242dc1bdf2a3995c0f52062,1.6696948159243954
1c9a9aea6d49d7a80d8d11a6c7ba5260,1.3795813205483423
1cf03ccd5ce9cfad526be2ff2abfbd7d,0.728523634197022
1d3220be298ef71dc0c93481c7b80863,1.1948397447005041
1d6a97ee69e70d637f78617733cbb7f5,1.045148917140747
1d7b232c15142da948dc80d046bc96e2,1.1752916227570092
1d8269f081362fdb4cc2e6a2a103fa49,1.4909728976294667
1d9b6ce81bf300615d4f6b0197d2df77,1.7310771249001031
1e252716aac40559990c471e0e65a859,1.3515334906702547
1e691b300ac17e320925d12fa819ad24,1.2559563024554716
1eab1c57e560ed41904fe878a224e515,0.7018999374031176
1ec1bdb436834082075fbf21b899082b,1.1029666483845644
1ef3f4cb44623e86086abded1912f05a,1.486446427417046
1f41c3f19b1a570bf82f0b907875c88c,1.03192148533888
1f8dc6b08ef00a2763089d8846fdc512,0.3205174591625199
2010c9068210e61362cd10f07a511004,1.2496887444621283
20299df6d9b0dca57fa76180b5121663,1.4201932150576226
2041f56e3b179a9729f4f285c75ce50c,0.8277748993752541
2114ec84c70762acd4ebf174d1f15cc4,1.1581323340054432
21168eeded533796cf1f14facf45a7a8,1.2348905656093074
2202191f923b99f95e0dcb96bc572ab2,0.5661394912307517
2235ad2e652fb573b678ea5350cb42f7,0.7702256865412798
227683c1010f92af59a1383d0197a0b9,0.94848219803174
24639216f8dbedd0f2ddd6497dca733b,0.6163924488999589
24b72df85d85420861d54497b24d5331,0.7070639789287014
24c450ee8957030ee1accc71696cee05,0.8837195873193103
24c88e2977530e7d48f25d2d983a8358,1.0617811242043076
253b6fa87b55fc48a56b0bce0ab1d580,1.2605953793444151
25c57add4a100a6b6faf3c5c7b9d6c2f,0.9998035932739386
2611297d78f4eb3496372abd23d493c5,0.4828208235319002
2635bcad727073de0f6328e1b7be7646,0.3678731865183502
263d4ac877243d37134c3a7205b63f6a,1.0000507788224096
2650f03cc46c7cb3f64c5225f59295b6,0.9188038224491044
267d4b0fe932d553db59e466d0d6b2b0,0.644338613695385
267f76c4df7d09858caba825151f3302,1.1386146064209923
26c5786f9378005c4b20d0f4fd0987f1,1.0392678265301396
271e75957ade2575abe0b0685b19240c,1.3368748754397033
2781d3528a4dd6e8dc7cd97dc9f74267,1.215453242424605
2810c5c19a53073813277d2653c9f33f,-0.25757466634110193
285c0964d3066ab0d0e0c904f8ffba82,0.9088908721118292
288acba50ead13541eabacf2a02d2de8,0.8859235869601922
28c27047b4e57dc514994bfa8d79faee,1.319532109723947
291506f4afa2df13074e959271c75b28,1.122938499451824
29632b21b2c60b81892f32db9501b4bd,-0.09260202680806406
297b4d0b274ed7ad7cf0e13314c8ac94,0.2272464129579264
2a2f9bb02546021f0a842dfbceb7da42,-0.29071932321608623
2a75ef70fa3cb90abb02f228b7306177,1.2390117387170263
2aa3a73f5efb7092b84fa2fc89b96a80,0.294789424420815
2aa5375d53d3d6222b254c9cee9fa7e7,0.8668833454575606
2aac9bc754561a5c51deac77e16deaf7,1.0779313885431647
2b4dd0c1cee4522adcdaa0845d66f5bc,1.2693985090790942
2b77d7d8112a1540800a8b0b51f29aca,0.9401912020009716
2b95bf5d30bc3ea356eafcd06537d50e,0.35970001115019523
2ba0fcd0904baea4a744bcfbd9bd8892,0.6363133773584182
2c866b3c188c285c9680889fb3858b44,1.0153269907668463
2c8a0c46b71b1d342a9ede423781ec2c,0.013858771522229696
2ca024018e1b374c342a301b75cbc48f,2.60926722201571
2ca9aa93adf91a9c3ea18fd7814974d5,1.1222660088485774
2d4a83fe1ccc055a8f872272b6d6e18f,-0.3145564368039928
2db17f89f61519eb0f8e6e7a14feac8d,0.7307467111033246
2db5f08a61d3e1fd40b884615297111a,1.2594136896923849
2dc7b25fd80ed8e70b686ee129840466,1.4094937792519768
2f00103c39f46e03010e3568cfc8fb9d,0.959088912459512
2f0bee1dc44532ed1429e2c27727b5ce,1.7748171790839828
2f2da47e736c446167d9af412afbf7cb,0.3953636238927287
2f3abae3c6762cc4112aaa4db35ab1cf,1.0101408029682108
2f53d05395b5138cff1e56032c1c2363,1.0537752697201166
2f7a69572acfc2b34326bce35cf92b08,1.0095210560375163
2fa24673ce524b221cdf453f1737ca64,1.3332249007755643
3002391a9d964e7871f456237b665e71,1.7110720767161636
30054b694e9e4b8465cbfaf356b859a2,0.7005744392387404
304ce9158a0b7eee5cedd5426712446a,0.42650007657795264
30790b1efda6dbf708b4ad9bbbcdbc5b,1.3895486291069443
3088800976a65677f41fc221deb9f0af,0.7645742174416534
308bbad2168a0dced120e29257be6aad,0.3912435339283461
30af178b113193eae60bce0fe18fdbf1,0.9310059757475108
3114b9c3ea45c31a8f4ae226d9bcd0f7,0.4487917258888098
311e3ae7d41f86244050c75121621912,0.4682893404743804
31205ddcfc43a1e6903647d1ec5db606,0.7790376981803417
3121b3bbf2b0df0fa19b582654e1ccf0,1.6493547906688244
31281bc18dd4c1ad36e8e50534ab5da4,1.6041968041599053
314ad6349265af583377f26dd8344838,1.0966162031260922
314d3d22e1b94c00911b581554e2609d,0.2360421410893521
315ef37d05fa1a01d048b66cadb52581,1.19777788399126
3164e521cb2e681a5d30faba9cd4fec7,0.3942894347868207
31c2dc759cb6e6185bc8c152013d5137,0.6377408335911516
31d721463ef3aac9d9de704dcb30ad91,1.4988514804799271
3210561e47c33f4ecaa0b7463d0a2eba,0.41433981462925534
325ed2ad7b388cd265f6b6520062608a,0.06284673476399608
328a519098b9b36fcd56957752185bc9,0.6559594136998428
329901e2e0936adf0a51bf6061792d3d,0.7943856152328588
32d3c0606135e07a4d3943d57c47ba10,1.488815840465008
32fa7d43d828ab0ac9482613fdcd78e9,2.458836596643551
333bbb6c8d33037fa81c31053e436d01,0.22458682316381184
33c88af968dfc053cb36236764ef0c6f,1.6782278341444608
34329f50ee02fbc076306a2496e9dab2,0.439104782930998
345e9ba3a06b806969294ffddba7a9d6,1.6942359268913034
34607c87b3a455b92026072ffe9f180f,0.6749967832443114
347c6476bf6af0a39c48c724d9237cbe,1.5915722481487742
348e861ae3bc2eb9a4f1a632f84b4395,1.7208164855241432
35c6be8712b636b8f484244559ebe0bc,0.9013233699373776
3631f327003971a9481ba9c1175b1bd0,0.2492406795842739
363d7539a0e5fdcd75cdf62dab0964c8,1.759600565870909
366eef5a2d126d161f25a0f1697075d1,0.8976630353935058
36ff3b7407688c58d6e24464b2047d4b,1.1132558772017165
372a1c134c3383a469dc9ed65c35b411,0.7978546772561818
37d9b599b8d3013b5f49c2fb69bff55f,0.6218658906075866
382f69bf3dd2e7770dfdc63971c7cb28,1.2023133387929954
38ba24f0de5c46ac1435d5875bc1167e,0.8640474007029063
38e01bba12a2c0d80f1820c4f0aad791,0.3704487412426272
38fb637ea6e044d170289176071bd908,1.0783595107121675
398584f9a97c516b684ae3ee9b2c9bf0,1.4103618817343238
39fe0606898eddcf8f437ef2e1eebba6,1.1286165163675808
3a044466b90d7d4a0e88239f02cd5639,0.929951213189674
3aa1e3447d2f7f0cb25fcaeec12760df,0.6872311984998674
3ae85618286f97199fc5e5d786fe1d99,1.4042252554184702
3aee13c2faefba01b8b37bb4693aed61,0.6534377417557621
3af85b547504477df3e6cec7fc31bd0a,0.7358359566302101
3b52f6a94c1451ee1222c9fc21215dc1,0.6293799815210551
3b6112dc4d4e8c8875eee6e06d1a1237,0.9164603133336642
3b824e1e6f2cd5714229c9dd68d41867,0.6378309156190116
3bcceb4245d0a4ce4264a2957fa84c59,0.5431873518892671
3c07ae93039d2cac9ac67e933030332c,0.95233164239744
3c66f0716d391a9d83992227232cc54b,1.6532600897636882
3c6de451bbb0fd015483c7c17de4e770,0.8533236392197261
3c70729951763d975aecdc7dea83a3bd,1.4757673237674815
3cb41fd132e0bbea23d040c6f712dd36,1.0385315598059477
3cdfec6116d7b2a951bebb77a2d416d0,0.4232262859087161
3cf1a79bafe91f9fb094cb8791a04040,0.7500070972489482
3d670fb79f9bfc1ef10c63654c6fb271,1.2809453581601502
3d7e9ae3bda83cf46f82bda0e0995616,0.6148881295283659
3e2f061ee5e4d5b740a676656e6a34a7,0.2750065284690768
3e311d86b247356e02df4a27bfa7a678,0.07316808343505488
3e6837adc6ab1a8e9809eaf604dbad6a,1.7054909780221517
3f2fdfe139c3edd7733b2a24fcda40bd,1.3279375444130883
3f3107d2a4a5e5fcaf68126d45e2e1db,0.8470836608175529
3fa49257d6af932433343991b72d93a2,0.9939285129889924
3ff3a78b7b713af14ad6ea38f09314e2,-0.08004101193738866
400b064607e77593470be67c11909ccf,0.34203142446308143
406ee1e82f24a3e361aef339aa9bd8ee,1.5535339358209292
40925cf44c9f727510c1f4713c3b9cee,0.5056396825543582
40967e7531b2121e067df8738f8cded1,0.8640961942480475
40da37c3efa3b7cda74e76ba726a820e,1.504145804396832
418011ab4f3f9c96aa6977ac36f018d2,1.1139700728610074
418561c3cf6890ff49bc17a1504a1eea,1.2206481105951317
41b4c3651aa3227e0f024814ed8c0e3a,0.9765724940478372
41c63efd1bc5c732aa869dc6d32f6775,1.3658939989788292
4218505764d83bea5f3f201e689696c8,0.40653016751607857
425e8e7b7bf111aeda1b155888456201,0.8900506192637759
429ad0f5d437e838f1a60068ac3d4bdf,0.7016369624332924
42ad3e734c5595d0f3a800c68a804992,1.4160470304430053
42cc916721c047b297853e5071745f2a,0.8046752028387427
42e21c0a1e1276c68b9969f9f8e71606,0.5099142810311776
433765da526115af2ea98a1ecde2cf94,-0.016481652691661075
438e079e3c27ac2d8630720b845e5dbb,0.4790888675122773
438e696fffab17fb30de71102795c9f1,0.9535762725133844
4494c9b36be0d3815acaa4cc60264150,1.5408072661163874
4499c2db21e66a59d69bb9681c0f97c6,0.8387874048206908
450c8c62abfedd5f3fbcf28fbd8d1cb3,2.4592584892007103
4515d5c43de8c0a4867a1bb95d193641,1.0720721052298576
451d0169a31376ee6fd5a4d3ef9f8653,1.5438826199281204
458e7bd7b93499fe45ed2318a39e47e8,0.8778701690166935
45a331c50201740ba638813f68f2fefb,1.520336382880584
45e872d10e52bc1e98177003b5ce58f4,0.5392427769031374
462fa2167cfe51f0d191183045086740,1.0678652884550601
462fcd5a98d9e7910b23473205eaf128,1.3951925051617746
46770b5ed1fabc5bc492c9331261657e,1.2389310448297983
467f642956c40fde168e616ce72a5367,0.8720727079978097
471214a002b16f2b05cabe5267f41802,1.125117533583047
471c1cf5417829fd7c271c33a3e14414,-0.18849888003654314
472e3d5ae59a897a2efec8a2fa41b45c,0.9238219079125098
4763e53fba3b0dfb6f2b623eb9d9a8c2,0.6885960375089164
47954a2c0bb731b0e35d8f22465e2dd5,1.9942483554024708
479f08b6ce366c6ee2a2db0e0c580c63,0.8334539039456659
47a7d0acd43b363fa47e34bbfdc41021,0.8279509173188649
47fec79100468696086e4c6ad07cbdbc,1.471211299660076
48322f42fcb96f5c089be3a394bd0ea9,0.2655828166701497
4884f0f56874d6ec3bbc2f90ff571395,0.9850897844613888
489305945163f918807baca8c5de241c,1.2753216757588
48b09b9659e0e9b460aba41d3c4d165e,1.6890614422030916
48c35a90de7dfd0170ea8bf9b4dbdcc7,0.8254697026622319
48c8e2e83b08d9512be5f857846b0ea9,0.8767158843113281
49a95ef3e43c8601953ff1041210aa77,1.402551201590421
49b74e0fcee06beb1c16a268efcfb77c,0.6562682103079607
49ff725daabb5eb9282c5c261ac2711a,0.8752370622733116
4a440eb29876b6c14bb760e9404a5fee,0.6989064604399622
4a53502f116871e4fd253f83090d10d4,0.7943681318255049
4a5672e6b31409a05e66d0975353a8b0,1.3978528233836922
4b0fb8eb843754130c9ab92d1c07a110,0.4973442574880805
4b32672857a6d19ce86743c23389f345,0.7517877906261674
4b6c7e7dc33de3fe06504d7e5f5e4c9b,0.6725216130986362
4bdecc401d25bdd2339db4b302627ac1,0.9223094477324972
4bf754a95a5a0a0fb0b5fa234c746460,0.9386906110063632
4ca2e0b927238938d92d1e197562e2a4,1.2408475718117131
4ce030c25695e6a377551109f404a74c,1.2962884493788278
4d1a1267b62c4faa53d717696d5f2b93,1.7678754314528429
4d44807d4b0dc786f73c4fec0b303f89,1.1658244194620813
4d5242a9695c8fba61afa122b648c7a2,0.6318925951042927
4d8d74620a43759b67fe278125252008,0.5931445389719476
4da93673d2b545ad7af8cfd6a9e81ff7,1.0258797323907325
4e381137d6252508cf586cac7f0a6612,1.5702229103138658
4e3b955e687a44831eb6b27931cc4c75,1.4197696178692296
4e5363bb6ea343fe0ae0b3e3a1bd379a,1.1490638151204855
4e7f8b940e098f66ef2d443ae479a558,1.368794959718585
4e81ad0ba14a8d1c113e292e3094ef4c,0.7255037456752136
4e8ff644c9296e17d5b51f5c45c93b5f,0.8639897907522514
4f5558681bbdf194e98f1dfe5289a915,0.5428855434937128
4f7f5cc0a51d1f47cd7e096fca443db3,1.6421283569451062
50264444621b900a39f97a4325b46cf0,0.9734182421344132
50268504836efacaba7543e4c541e361,2.191376946180148
503dbf7d426f6912ffc8242efc7ff6fa,1.8822696225490816
506d2e99fa1b66c2014ca6d9f8490b4c,1.2389051340247477
50ffdada407f671ca06a4cc0fa9dc45e,1.1042292478547635
51198c1fb6da09ae37e47bc6e55e4135,1.6807312422486116
516e52549262dd4cccab4bb3ffbbf542,1.23677024566501
51831ca3562ccad7142673ed53c60b26,1.1572968378665658
51bd7fc968f1ae0a2e91dd52353167ff,1.2444666856764608
51fab978b16631665264df1c5fd3f2c5,1.4187274830297645
521275f2f6b704f92a0439c3b5f80d5a,1.1193586252731151
5219e1ebab8d1d3cdd9f5a6ec8ad6127,1.080432988978686
525a9ba0f48215da74d7f444efb745ce,0.6509585487887641
525e3bf660fbbd14ae577bb60117f52a,0.6965176337312569
527b4c5b4bcd445f6b766770c843af82,1.397669969645689
5285e33033c8c40c1dcae117045cb1e3,1.2417753493887087
5323304694701169c49cfbbba5ec559b,0.5134880219338797
53572cb46042c70fed5071ca51d2ba1c,1.6277129328195898
536ca2e0c77ae3b1e6e089fed8c1a740,1.0957056661005309
539d5ebb1baa349bc3e6be80388adc46,0.3973243768583667
53bdc40d519011184c120e0e5a658aaf,1.2973786720417408
54394e62f266df2e704f6c2b755c1b7a,-0.14038118162127128
547a466305d222a91abd382d471fa5bf,-0.2740030965878973
547e2bc4fbba04a074d0c758f363c438,0.1727582788347228
5531a42f7a48b6520941d9e91d8683b4,1.8078246028052785
55f3ce364b68df2e82b665caf01c962f,0.9004813930527802
5641f57f4c0cd3ff531f934188dcdf56,0.6588530539387651
5652089765316fbe9bf6e87bb0912687,0.09098755323301876
5653753b905a3589f329273034b28796,1.393195531977694
56615480db0ac06a8940737bc18d40d5,1.3905496232902654
566c4c15b94ff3b16581af46cffc9d1a,0.5003304424383069
56cd164a3b3770f479034b49a7379897,1.0241651772285203
56eae24f91991ee4bcf75a6d8dfcf956,1.3410449374445266
5704de32581f8d03d4e7f3405e0e8d16,0.2972334204984781
5733c9b19f0bbe152c0a769cbe869b24,0.3236679836319564
5782899b5a26b2c14e6f0e917d3ad4a2,0.4159949741070769
578a139145db63012d3b3d82e14692bb,0.7375005425525112
57ed99728141e99f7319427aef1298fe,0.8145883607969776
580741b41cbb1ec2cfccaabe7f6e23e7,1.626239583368375
580d91317c371c4816d755318d0c132c,0.34760325617933313
583313948547d4cfcac7c03e9171fbd4,0.9546305351864416
5862e7e2b3a110a6be17c9229ece63d2,1.2306570046730898
586d93208ccbb3a7d71a4bb6263e183a,1.381090466957708
58922870ad2488c46a274ab4743a5d95,1.3337849986310129
58a9a3518ccacf0fe13eeffe76f3f113,0.6992548311851188
5972888c3f10d890da631cb1838b19a8,0.8905526355796383
59c6c85b86f3021640c6d4722cfb1144,0.9202779904724888
5a39aabd633ab5f5567ef3f8d255d05e,-0.15250545766904686
5b04bb369c05297f8176a2eb57fa212e,1.1223168348451935
5b470e4b1fca20566bb969be9dcb78bb,1.7950240153179924
5b5bcbb88c13b2c92cb18d853f641112,0.41498083840896494
5bc918dff6cbfdfcd93a7801ef70f833,0.44054473107430936
5be9df7dea09af9a50600abb5524bd65,1.4723364317929637
5c0262e33446431aac2951156f482886,1.2999263442048443
5c084553ef905dad8d4de307859cf5b3,0.6483351493116646
5c322468f951a30d6706bdc261efd135,0.5025581403944316
5c543f2f4ecd7d9e9709c97443c9ee2c,1.1444096329765496
5c64fee9a93523963e4c259894bff0e5,0.34173999389280585
5c6b39ffce21ec6d143e01dff71e83fe,0.8980147299662742
5c8c2a82a987d3b435b6c5d6a2e22c13,1.4114654283645691
5c9f625b4a0951f14ba1639693d52d60,0.7797074860750277
5ce0d928f3d43c4e3de3b8315e46cdd4,0.7693160990070288
5d0fda71d0d50e506fbb907ee0acecd3,0.3667068078297328
5d200638520a3e0761a2e258e3286beb,0.06035098631397154
5d5593a9df67ab9093054e4ff90ece85,0.09175662280415996
5d8066c772b5243dcd88fd7f8a6e9205,-0.04113726943867768
5d8234ab1272cf84aa2e93f659d8d8f0,1.6478833984374202
5d9e3b2576bcf67661bd9c1bb33b9867,1.0040038131611275
5db7a0d34c20a2314dcfcb1853e93e39,1.3639463130323186
5e2bbb56b733eb7e500ffb4275c089e2,1.1115248108712603
5e38343eae95aa89198a2717bdc867a1,0.2811182659409123
5eb677006304ac7f058906e683c13f98,1.9329306852217685
5ef08269f9de0f7e980af689ac486211,0.7994167964844591
603fb5647f2e518aa81e8cc8f5a0996b,0.09552872671577994
604fe86540ffd3d2ecc8e238d9d5a56a,0.5925276554314932
60ce5885cc0b8648988b31e783cffcd6,0.6081129624269703
611e591efef6a99eccfeb370c8c97b68,1.3487393999192303
6165dec6ff068645a8f81f50a5cd9e68,1.4213833803049798
61d10ea67a28ccea9366dae5c5c6fcbf,0.2626725854635855
61e6bb7fdb31d005b78a504040454ba3,1.99973194093644
6279fe781c3f7ddff4f906d12379d0f8,-0.4281699920517181
62ef7f0584a7c2344c40e148b7d0aedb,1.0928360068339982
635c053a3a89a18e45d0e374059753f5,1.0522913666095184
63e31617ff57d0cc744aca9c9e8c1a55,1.4186807035280071
642abd65eeb1bb1de989fd74b7cfc026,1.5469595000463032
64416c0ee14554367ac874dc13763e5d,0.6937085967032512
6449ca47925d1aa73f8e49d66f59b3dd,0.9248607806909668
645ebad40cbf01d031106ca6c30c7cb9,1.0586400651462946
6497a393255b3e6d245f6d144258976c,1.1404295192204128
6545772c0146c8ef3b5774b2b4cb71b9,0.9178303065699932
657e128891a174031ab5e5ee623f7d27,0.6023901787096441
65eded21053d6e730ce6eab41d5a598b,0.3233267528305433
664f563173766efe8f9a0005f2c55348,1.5208950901762437
66833579b533fe41dc9e9080e48de248,0.954047002900714
66937a749d487cacdaa3421092040257,1.176226822811918
6696924934d7e12677fa4b1fbb21f8c6,1.5166851234779324
66d0e65fe072baede35052cd969ff842,1.5173694714291477
675c59b7c3d295118026ab1e5ee69cae,0.25408346306865626
67c0706b083b11d5a1531a9cfaeff55f,0.588958043308817
67c5ffd3327b054b517f1b449fc8a186,-0.01801567966479864
67e12b331ffeb03679e72caeb015c330,1.612648970726738
67e35cd8cae6bbafaabaa4163e497525,0.5479009731188329
68490e44074d5ce1938dd265d71f16c8,0.5801660014655821
689ea1dd124d8faa6dd8542dd3946a07,1.1325623725164633
68c55d24289b2164fced326309dcbbe0,1.3052080721628392
69d7fad51f2abebc9ac87a18fe548e6e,0.9684039702587024
69e1d2e0eb89689b09dd2c0f5c6af0be,2.1225550191371845
69fb3e4012c70a6a462f488223d547a6,0.5487365990890463
6a0abd04339ca2eac5a11e2bc8d6ee12,0.6862664470443561
6a0f3510da6b45c8a1d84ff0baac01d2,0.37584724152424304
6a599244c4a22803a336a89aa2e43e5b,0.5019223845073348
6abc16d15315d89e010fe48eeec3ba43,1.1575183395499828
6aeab70bd9fbf6610fd9c7e34ee1cbd1,0.7628504137943077
6af596c267c869208c3572cdcadff671,0.7942064395382692
6b4924dd3e2537e256809a9be2a19ec7,1.1870307648468523
6b50ed5927a090fd05d2cc84915637b2,0.9500182139683458
6b8ff1af5744fed00e7a756bf2bd0666,0.7078867618744406
6ba0723431628dd0dde2a1c4d2ec57d6,1.0231174535257477
6bb372818dbba2e58df21f08ac4feab7,0.6152349896577332
6c041f4ece8417fc2ebd80976d648b8f,0.3935750411488851
6c1c75cf7537ca165878f1f0aec4efc0,1.3494693978868524
6c39cc09396fa22b39d97f8e49a63d00,0.9662121294052026
6c89c2c51b7e980aaee9ab798566c948,0.43986279757294655
6cd95fb7e2d29950c0a3c05ffe36a64c,1.4562958187220063
6ce300542d469d34275cc367b4e687a4,0.6085229892598192
6cedfedbaa25966ada822f8355115139,1.0941615309975787
6d6e5b0f7d205b45e4858bb236321622,0.6687127033420344
6d9ac42571d6835470c95f9fc098a305,0.7725041134152474
6dcb72b1e8846cdf6d7880a2bdca3c6b,1.0714699293328596
6e24468ae1900d7b071ef96f2ee858d9,1.2229546174999797
6e34bcf141644176e36e82193164a4e6,1.5583984414783754
6e3c4a6776e3fdf4039294423a40223e,1.7512771777846587
6e4c116b6caa084464f685c0b0e4dd96,-0.2783463141866822
6e5773007fdaac45af0e6b599c2c6013,1.3293425723679262
6ef73e808b4b81b5fcf2cbcc3a9fee57,1.459523106400049
6f3e7fe84bbbab80225135248d50605f,1.1638427731989809
6f532971cdf344bd349f903aba41675d,2.087869521839441
6f5f1b88e56bd7dfd589ab48f1294dda,1.1395381533207891
6f945d383a63554512eaa877f03959b0,1.471865998183207
7087ce1e24ecdd272ac81e33e8d7465f,-0.5382972814673075
70c638bae003ee309e76d1efb383acff,-0.5041945019265156
70ec20f59d6e83e411304d469aa76e1d,1.7077635595228366
711a018de276507c4861edbb2307bb80,1.2681080672446323
7131b449512a4174af23188942615725,0.6884261551977839
7139947ff262be6c4db36db8691b729c,0.4591213763946439
716fdfa93c9f5da65c8596f79d5cecf1,1.6435758188661038
7194d73e80bff932860656b33c3dcc9c,1.317182984271147
727d96fee5f30bf7955d82b6eb7601ac,0.8666642811250459
729b96346fb63ee1f144540a6dc8a232,1.163091731153691
72baba4e4b0a8d7fc996ff2c5ba90cff,0.9527313689665952
7326ef2da4611c3906bfaac2eca4cdf4,0.6712710519155809
73bce03d38cc09e3d329284876c908c0,0.4209711925903461
73e1db1febb1ad55f0b8866269d9c5d6,0.015748070551196314
74119784e7f12f209238f52b2edd7a6a,1.1219375371551192
742c672dbbd6d9501622f21ad03dde04,0.2230874309487283
7431d10e61c59af0edbe41f4e657b619,0.5063121875539057
744c6632ac7515db6f52242a3d000caa,1.1511267883441294
748e985a715eec43aeccd819e329ff29,1.1199657860251628
74d79680c7c88e410d8b3a914db95816,0.9049007698895642
74f6e6e906695c257a6cf94ae92c9daf,0.5636467320110435
757e280806186c399915c83b8ff61c8b,1.4801275078492948
75c4ce0bf54b2f1bb0305040cc56331d,1.2485422427374049
763bd2386860803d8a5e4d850822d683,0.5513438326341027
76a931683e53969b76a80cf6262346ba,1.3940389696183115
76e01e979748bc0b161ccca1a9235414,1.3497876756589011
77012361d65d3c657941033458f5ce4a,1.1600139391194766
771240b515f256d33506093c2c924297,0.5781718465423105
77af14eba4343e8259e9a7bff82857c8,1.01993325051592
77bbcba174134d1dd861289c353ef180,1.5620963747178789
77d62bb876fe18afe242b87e4d9eac50,1.0661384564378142
7810242dcae46205853c3357b34baa88,0.7291973247424348
785752f7399b5bc6ae611b6da4d3cb8f,1.1801838983625614
7873a5ef9e1d84e5e7d9d0281ebf4e00,0.11208023728551963
787e9e27fb0998fda77c8473fd2250a1,0.3002938318640142
78959fcb0db7a29f1114abe771073da2,1.4437341728767077
7914e7cd28a468cad3aaee9ebb7e6c25,0.8589671332962315
797f87d1f35282a36ea8ae5f436abe41,0.7467938157954699
7986ec26afab5da131a8d22a2f91a4cf,1.545471075321554
79a8b2ceaa2c7026cd4ea7041732a6d9,0.6439662202630552
7a599b54fc827c589ed1bc8eed5905ca,-0.09867396903851933
7a6201c780486602853e02c8ac9c0cce,1.1229739256228968
7ac30cc7bf90096499a57354992f3a7e,0.511341974834874
7b7915c618663bd36e43aa0d74f881ef,0.10018391600998222
7c4476458bf1f8ef40df46abad3f5dae,0.8677078227917281
7ca5f95e0d2e5cd9b8de3ea04a641ba0,0.7750976321411066
7ca731aec933810bc0713609ee2439e4,1.749816593689271
7cd3bbf1b921f2036fd297708ad224c5,1.1177110324105546
7cff2942bf918bdcdc97373a6d3f6278,0.7472218559591413
7d6d8bb7260e3e5546bc647a8d550c9d,1.5737987303556016
7dbabe8344ca6303f5154a1fed5fc56c,0.6149975216388208
7e0eb131dfe940cafc6113b595df626b,0.44607938354314813
7e49b83b65daa09df6e4d8b794eb1a6f,0.7595560470682151
7ea425cf50f73f2948556971dca18ebb,1.604352152055301
7ec35a045d0796760973a47faeec76ab,1.6779607865170474
7f5ae2ced77d22457b92e1f91ba1052c,0.6410338545497236
7f6d0b0eb631dc100c2ce0cafa4be8f5,1.3956833867326164
7f9dd5be08e079fe50a7d9ca4d4512c1,0.864569207564766
80685e31970a827380a3742eefe95de4,0.6656045847348593
80a255b74980c5496e80e240daf95bc9,2.0229000135796955
80b8b43b9b52c35e8b0d2720f3d9ae9b,1.147817490037272
80bb1f182d972e8544debd3867ed7b81,2.1285303243532803
80d42b2493640756a6aa1460356a971e,0.5294892722582484
80eb3cc66d851f840ffb7776d755dc1c,1.0188626527518865
80f75ea8138a57d9769f853b19b3defe,1.8905101392443884
814b441a003a93aeeb6913de3a175e1f,1.1043394591665163
815cd1e9c0cc3f0f64c01f8e1ef64575,0.5468181338166743
8184225dcee0c5f445b382712f413fa4,0.4477440178290703
8266717d3a0f36f8010060a469678561,1.217410711307528
8287185acf69aba09f8c5ccb3e3a351e,1.3427174431902271
8299caa51a40e3ac09c7af8b31c7806b,0.7952930987224647
82dd81e915516e69cae3b80798a0c5e3,1.2927396005445877
835b48a597fe1e4191447669589f837f,1.0946946012547671
838c20d311d55331bb4bb6f23ad334de,0.5324983385494586
83d38f159741c45a70c7d9c4080d8886,0.15024296825212294
83efee985e9dae6fd92967263522b163,1.6098060757514951
842e886cd61bef68dd637dec06c1f2b3,0.8906392059584123
844828305efce54cd5b5b62be39eb80e,0.3133099862456468
845ff8a650aca2e1963aaade66da1c6b,0.7146891090117022
850868f74e5e234529ef8a21117cb636,0.20854368124455724
853b17ea5e2bc11d22fed444d5b0472b,0.9088433012769273
8568ce19ef23f5d962b4f4aa19f34362,0.8144135751168969
85e9fc4732547226401aa3a6bfc5bfa8,1.1311708344248106
864fe1ffdb0f4856b3df01c0a6e06b7a,1.5983399283562874
8650a45fd7eef3b5c814e37e2501d8fe,0.8028591883035392
872e32fcfd3d0354dffb0ce42b453d4e,1.5947161964077092
87e9f05ec14f9db52fbdca65f115d06f,1.7981667909658892
880c56b84c920f6e94c2ce0e10106342,0.4757556630758541
8886ee9cffef31d52322e9d9d81ea803,0.7273694918642458
8898cda0398790c75fe2bddfb624fd99,0.2604455030841968
8910713a4eef2acdc179e41c3a6fe5f2,0.3951505450590662
89510de3a63b829d30cfc629fb033f36,1.3557661760426447
8951216c4d18ac65d3ff1a3c0df41ea0,0.4877988015085257
899ca48050e3643529a5d4ac83442347,1.3790671141610589
89bd0d538ee37f662b24a25eae37a979,1.1624062720693558
89e384306cdfb299d648c12516a49a5d,1.313052948670872
8a06c969bf48d7e206e136383510e3ed,0.5425138052729529
8a06f0ebbd06a0068ad3d48377c1c754,0.2358632044192941
8a0efabd8b1962c8d6dc37793664901e,1.3323502136738905
8a69b27ddb323a8b3d30ff1f9f6e5f91,1.3299286772458012
8a9f601ef821cc159462b3b93ba338e7,0.10389009152212003
8ad6b1e962a81424c214a5d6911b4c83,0.9059856019421788
8b77fd3c659da35a22df87cf61800246,0.6883513363694438
8b78a38497f301993dc41a95caeeab14,0.4931534992429548
8b7f2786d031efeae09ef7a68d0787a9,1.2824137725170783
8b99488805652d541650f3110aa7927e,0.7859770729313702
8bdc3f68ac4a193085b471853bcdd25b,1.4436544777262816
8c57e59181dcd9ec97466cc6d31ceb3c,1.2814301689843124
8cb16501ca935ae2a8ec972cb4cd5c67,1.7901201778237028
8cc196149c7484d77739b82831f5242f,-0.4608298202108561
8ce9bbf2536ee677fff46ae992b0d882,0.8187261585932668
8d105b437384094dd33f1ba636978d8b,1.0916359192772724
8d599942fcc55c65c29c0379f1e8c980,0.10002793429093523
8da19dd03aa96064830702f2a88846a2,1.17416942199023
8e035663b3ff19057e4c66de8f2c81ae,0.6271729349878175
8e150b42c788ad7772afa6b7e39c8cd1,1.179084011131575
8e3ee2184b852e89c8e614335284d5bc,-0.1981492152577308
8e5818f4654e6a35113a79cebc8b468d,0.9940716040811516
8ecf6f4f90e36f61ab4351a191f69a5d,1.5743532041930912
8ed3e25e530f06771dbea023f6768d81,1.2411589313804334
8f4695ced7edfbaf3349a3eab0515586,1.0608061220053595
8f65bc865ff08a422ff9f2c452cde695,1.3833844534396549
8feb52f5e6767444b20b4f9f673ed46d,0.43305805900532335
9066aa9c679b03b4c2b748bd76aa4065,0.4583008737987301
906ea18736ecdda9403ede92f6a73f4d,0.8853219042532968
9080a97a2338dd57ff09cb14b7c487ae,0.8616341448268457
90aac1c497a28d981841c24c5af0912c,0.14037136599865307
9108592e73a1f8e31bb03017abaceeb4,0.8214316519194358
916ee594ff83a21c7d7cd9ad6b1e7f69,1.0026169747792544
922af2d871189c9e2dfb7be0072638a0,1.4332327004092695
92c7872ec9998f47907501b3a48911a7,1.5417834135981765
935fc11f8b610c3b165f048f81fc545c,0.5429916037225924
939fa1cc337ca60261bfb07940c55d8b,1.4231427294773351
93a05444e4377bbd99c72a0c544d51d9,0.6484157978971782
93e8c22b2597a12e7eb9b10ae41bf76c,1.067302410180219
9402b2dd5eae1d9e41556b157e3815a3,0.6031262272259634
9438e3d977939d99ce92dbc5360bf52e,0.2455891612538036
94609b3a7f11ed43a80f04f40f9c08c9,1.4126485200843808
9490d4edd0934211dcc9d5bdf7cdc379,1.3319267961832593
94dbba85e8dc2bd95c02f65a95c98c42,0.661005341666362
94e1feee8206026f10a50a38902c5df8,1.1081224410330126
9587b64fa7554956aa60450a21373e67,0.5328603286442418
95ca17b17c1774bc04c9ca891b7bcf72,0.6544767665769602
95d3a56e752dfc6a425a5cbf99416f62,0.7929607223851571
964c3e6bb453e9aaf1094ea99abfeb3e,0.3178417537675523
96e015aca3d351faad92ef877e9c25c4,1.092538072522948
971700ee8d21f35638950975d025e553,0.34124430299991176
973b94ba64758d34f9f98374e913d00a,1.5173231631358517
97a8fc6a5f82c2c4a49626c53472ef2e,1.016753388937839
97c571e89261d9cf6f6cff35beb94df9,0.8398557720663548
983440874ba6659af02c813982409ac7,0.9264550334212109
9875405154292fbf7c7db17acd22f388,1.077878414651248
98a9551f8125a70c07f4c137c1601941,0.1539491637495869
98b44bd1311137acc5bd220dbd35c364,1.486471364904197
98b4d253d69bb1347b974dcef1463b5b,1.445669451694907
98b6105fec742fd10fcd2603b70af9b3,0.18657121319607384
98cbb4f5b1fd6cdfc503cffb828f2d10,1.3787454234155012
991b368f7507b897b5b1d3cfbc4d3886,1.3597476346933524
99b071b045e6cf1e4429088a820355b3,0.16964052900449056
99e223104e2139f635b095a8b0f83988,1.9562857892150567
9aa01e1ec54f67212d2858654cd756bc,0.9968341929400112
9b1c72f5e255261ef261dc0159d5693e,1.248281572029201
9b50b73d3134d0e21b5abb39ebd8da0f,0.8052601347373318
9b7264078a79b79257c412c635bb119f,1.1583119870172442
9c125628a09bde40e416ad08cd3c72fa,0.6115908530918199
9c1ff5cdfa39ec4879c1fc78a703290d,1.2262604038265612
9c78ab4467f3e09df03322ea08073325,0.7796633919464524
9d1a8027916a02a5fd708a96d51e36ac,1.7520788533790683
9d43edaceefe19b1947290adc5f14796,1.5287991088308364
9de7b6a27a19a6c8cf6ee6afa02a9ca6,0.4742623662420988
9de98d730a4933e7729705a30f4b3f82,0.8708830341526073
9e05a82144f6345622500085580e0b6c,1.225362985163127
9e1008bb32ba16c95f1cfee5ae921ae8,0.7631615982696542
9e621c4f80477be421efdc1a05c1d1d1,1.2103853130045066
9f2bd7097150a199a50c8392dd1414c3,0.9013014824242772
9f5320ac2d892cf9be6fba590a50c91a,1.4119761103054749
9f7391b255b3913e5c6d51c40db854b5,0.06627403968873867
9fbf492a32fd4b97153fed4ca9d1a3dc,1.9128725436600973
a00593022bb9f54ccae3ed259d1f073b,0.6492866074401444
a03a15d9e28a43bdfeebf7d164728ebb,0.6579304299219735
a07c8b29b897ecb9a91c4dfc8cf25d09,1.1690905707459462
a09e623628af25f3ace6ee98c94c2885,1.4283593756430375
a136221b560c9773cbdce4a17e9f9457,0.5813639411638494
a149e49cad003e5512fd9b46e5284c7a,0.7490411400433677
a1714c33434f37219543e0b159ac6a9f,1.1070967635077344
a1fdd2537bc0a251e96a24514ddc2fa5,0.2573288411802029
a2286e4923cf15f81caaec729e6a57e4,0.20019896252484928
a287a5200eb4a8738884d6311a878902,0.7276202094747739
a2e33100f36f5af6668125bde4a8d5a4,1.1890453047822325
a2fb5dbec8a32f554447be3d03c9e402,0.7842171295977021
a2fdf005e75b3a98429e643df47dd7ca,0.7564390965626377
a39f729a3cb0dcb9cdd4906d12fd4b21,1.3640942818943078
a3a5c5c0018c9969e4b0208cc9a3e50a,-0.03671823300506283
a46aedff9413cfb6fc0e29b881427f04,1.4944044996560448
a4b2ea22183ff1c1760c5bbc029252d3,-0.05479322061465668
a502597ca8361dfb9f7ce8b14b7c8f70,0.3228561281131778
a516686aca733d40339e9c86471825d9,0.6417060035698025
a5c031c5d116c91f70dec429e5ebaee2,0.4331614211875298
a5d7f33a883ebceafb9e16775abcb9e2,0.2973472310143469
a61c674c0bd116e26d594ad718869e87,1.3538478274493932
a626852818cb77cb9dc17ef82b4939af,1.6247679477802297
a665e7bc7de6d075a73fd1bc2319bfe5,0.5668991850197493
a66f707bef06252de17eea32d05d618b,1.5182024588500838
a68382aa4817bc78601776fd24067288,0.7515155561899908
a70e1598a4cd07d4a20d219efe32b5b0,1.7187388504274579
a79d5b07eebdd2dcc5dd70ea3670f473,1.082736081933019
a7a61fb13f41e617a5f4d8f500889163,1.0776835380941492
a868dd20d179e2eef50726ddae19ef28,1.2495703192480982
a88945471671dc78591d48ecaade2e8e,0.7900373904455485
a8994c01bea5f56814e70a28c71a8d72,1.3312432939942331
a8c6fbd425d5fe8009c93f77e1c8af6f,1.4581077377114804
a92f6894dd2e9d5020407784df29a888,0.8547272846267788
a97403edaff6cf2596a4b0381e16a994,1.3787531447523964
a97690afbb9f0b930cfbaa6754483a4b,0.7887867127702655
a99f89c09b10788a9bc376d82563d020,1.3088995744354364
a9d46d6c328d214fa2c93d43532b9b41,-0.24450557535427664
a9d7df0f31741ebac3f44536a16cb640,1.1071599376464112
aaeda5140b06adb6c5f90ecae66156a0,0.11478732308068955
abbe22a5d92813503b653593205c2a02,0.6651548793756086
abe4db381309bcd5f9f7a808cedb1d88,1.485459766831149
abf9ac85bbf1b8a687f03082bf47c2c8,1.4005265909202294
ac852c176efba152b3723791429fecf1,1.1086374057212998
acd84e5952a4f1115ddaa8e8e81f79b2,0.6657255073368096
acdf0b36f6f1483bbdab2d4a47acaae8,1.0586149027425285
ace836f236f7103b1daf9fdc838625a0,0.30268222669475586
ad62f224210d194f4b70a8539a75e9a6,0.8927004957891866
adb82536ec2a6fb07006063a7f85f12f,0.7767978292565164
addfc99c6b86b967c337f613de11b128,1.4061430756945699
ade24ed95d3e212b7091fd86b1f9f755,0.492143178420474
ae5ca36422035b5bcd227058d48ddff6,0.7934024992748189
ae5faf185a0e5d96fe69751fd5fd9e73,0.15671738404993807
ae94201e0c8ab5968d5efb496ce64a92,0.5550729443983818
aee7f0f5908dba5d83d0436751c98381,1.0694469648213685
af175cc9ddc858fed7860eac3a4c0694,0.5511419678455983
af8ae1c1826cb123b274acdf68ff1cba,1.950421445164445
afa1eeadbae9d7f0ed2c8bc830d2345f,0.12433127276300092
afd3f3d83cf545ad08e6d670ebff866b,1.4767678601446073
b00734f3ecd7ee3e21d095b8f27d50db,0.8165438746201787
b038af2a1ffd7ebd725402837ebd3ec9,1.1917603713966225
b03e5fc1b23471816897df6b7852edd7,0.7262010450547394
b0512adb7e7bbef5fd07b28950e53e4d,0.99448958810716
b089f8fa0ab665ce2e2710882c8e297a,1.4279024873488109
b08a4eef454914d00abc32b80b795362,1.0876565160654452
b147a0e07075e4d641e44f4b47dd60ba,0.4173283867255404
b19e97dcea72342f942f3f9a2412c2e4,1.1268321624806334
b1ede679302753cd08d683cc2316c0bb,0.6668001441799108
b29425fcc5872114b5cde0dce0307038,0.9010614056337072
b2a4ca43707e83e9e6ec340942b2d156,1.2349016017166528
b33776deb716ab2a9a4455b2bb7ca909,1.013371079393116
b3585ecc6f3184a20d7b6db1886ef6c2,1.1909564946768123
b36b7d1f5426b74c7f8ed30060031277,0.020597729032036938
b374e2ea93a76b08370ae462fdca3528,0.937639144616594
b37539074a2fbe45a55f029958b3c7d1,0.6506101405482567
b38e8d73079956a9faa1141eeec0ca31,0.9388043306861632
b3b306d797054d278a3208b1621dbd36,1.2258235866422011
b3ef221b2bdf59da72e78bd1025c8ab5,0.8049477877263775
b4e1763a7cdf777aceaf5fd6ba6d05e8,0.8720861067416728
b5626d431eaa280f57e716e30df8ce12,1.066620547722972
b5ac87c28d248b082c452f1d194734f8,1.3719896165922476
b5d8224fb16cba3bce9928ffbaf76c67,0.628242780280734
b646575b0138fe6167d3a79ef8733123,0.4221716779119051
b686804a42c3deca616127d5e7323123,0.5660171003737201
b7b6ff083133a83c9abbb4b78e107137,-0.10230080690907772
b7f0d740a52096a9ee67bc481ebe1234,0.657942709235183
b84177a42953f6163b63e98304ed3175,0.9207321302931502
b88ced37ba9b7be4184df7aa57894f6f,1.3447441557034194
b90d838759291fdd695c807a9c8eaf56,1.0516281817868705
b957e4c6ca1eb72522448f98210165f8,0.4845560915368991
b9c43f8d21b6859b4db44e950d3f0c48,0.5053906681252387
b9d548715ed5c99786e7bcc279dfcf16,0.6803922973783876
ba1ae3cee13c61b52f10cc0a1e2744c5,0.3655505806274633
ba47ef49ce263e5233e25203328781cf,0.15884269730400996
ba4e9b06a658ad18b7d6c6be6d0d1183,0.6868933400552227
ba6f1aa9540fcc35b794cb25052b4f1e,1.434256961192984
bb908f25d952baa658c9fb6b3d2fab95,1.3041332432693715
bbbc349e1d46e11eb97a851074245a47,1.6767728737045005
bc48c1907aedb2387f59b9ddaeca4d5a,1.3289191013154658
bcc0995e3d8a227d560b6b4565d18fa8,1.338547292445006
bcc1e7f421f8def777f8a4c253dd05e3,1.4412046994793388
bd04b7d0031508368684fd6d7a7cfc5a,1.2367522610163342
bd67a40f0c1d7d51d494199cfb8cf874,0.8755976307056265
bdbd80742cb94c232869356fe3e8c440,0.4649241670651115
be3819fa1825191f29abc88b388e7be7,0.6614481272740744
be3ab1f617fb2349ff44d848e23aeb7b,1.0154408686208565
bed9fe983bac6e472ec07706a2c89a39,0.4248298739229028
bef3947ddd7ed42a00a5825231f7830d,0.8432835041552863
bf2cf9271a4cfbf94672276fa56d65c2,1.7377256053355663
bfb46255c0e59f8757899c0d811ab148,0.9886961386757522
c0ac147aa8b3e0df6f9f6b31a09df0f0,1.4814007180561355
c18512cb89a72aed370c4b3494d1946c,1.3382429121806232
c1a730e13cbb011e625690b15e8eba17,0.3259259337653897
c1e36b38c97821c50d9af704021770db,1.4583036322153882
c205449f3a44447b414bfd60b4fd86eb,0.5101185987189158
c296fc05b14b5f9686e12e5ddfc928ff,0.35202434144670186
c2a4d6cbacdc234174675e30355c1a02,-0.013437627850942241
c2a8b8dcd4e91e7e365ea4211a4647e2,1.7563611353113815
c3aacbc4ac19f68ef66422207a933fd5,1.5019928054820664
c3cb1c30f7a72973ab3d7da0ceabf60a,1.4374769803185108
c3de11c42bfc8e6700c6b39eeee700f7,0.16400113018503
c408952b2b7439e0d6d6574054467373,0.6424807751967163
c42c8d2644b02a5f2d2880333c452d78,1.2396278329594344
c43761f1793df743ff0fd92525ea87bc,1.5036171475140303
c44e99d5fbf5c2bbdec626537c689249,0.6920531699580619
c4ba82e62ee2da10742878404c879f84,1.0402307589147846
c4f561292ec8074dbc74b5f4fdcc527c,0.5265459952610849
c5866cc87c73e89a1406ed6197b4ce3b,0.16142965458777064
c5d84b706eea01c3feb6dc73843a7207,1.250728790351442
c5db92a1757c6e8ef66a8b49f295cb3d,0.6725290604450643
c657babbbd247fa05cbd1e792881e7c7,-0.05687974951900155
c6de4ff9aae868c63d894e24eafc57c9,0.2127174890055228
c6ecd5694404ff5018e7b8dcab78ba95,1.1689740536696378
c6fac586e25dc26c29ba1070fc94f10f,0.43921321941663627
c72ea53383cea1bba4e0b35ccf807e80,0.7742732950437207
c7c3e709d74094cd2cf298bd813c0848,0.8539059396195625
c8187ca27e3ec31c9058ddd15c796d4e,0.5813651581363397
c82e2207ed1ddf749b500d6acde8d67c,0.4635248097929949
c853b7cb921793a34c033c31ad8bc0a0,0.3606531426042484
c8c2f83fc65afe3756ab3c45070a48c1,0.7568115275426006
c92d8ef65dafbc2493b81306119f8e15,1.2472764604318
c97b1a95d281b220657ce840ea4b07a5,1.2644396861489935
c97bf0e0c5525520b5f478467eebca3d,1.3137970226037594
c98d8d2aec085bd5f093e04b61f61c52,0.7119540869616737
c9b42434c10800de6925204bd7578ebb,0.2858857720104805
c9f189ff8ac52978b64a8b9add34ecd6,0.558227260126808
c9ffa7960797abb51501fca2f5c784ae,0.3423201538618854
ca0c644e02dad2381ae06d46f2c66174,0.08541155461639366
caaee88e1061c6ef0b54d2d22dfe77dc,1.655345132455627
cb44cf7ad253604a3df2c3fb303b1a6f,1.2648495315308463
cb97b360b9216ec0f0b98f5458c510af,0.8041369868398298
cbc6c59ef7c96ac4adbf474fbf327bc0,1.568836127382146
cbdcbad404156a7e4fee3e3c0ecdd42d,0.5085759747612936
cc0c71c13d3a23678e13a6de1420b777,1.3586703311932986
cc2ceca18dcd743491e8b4be0173e44d,1.2539650531314652
cce303acf69acd2cd9ec67eecc552fff,1.3235906925024543
cce3e963d7206fc85a3e0fae47e06357,1.5609209674719955
cd1ec0b02e7d572fe2e47eccddb57813,1.1637678514215066
cd38c86608b1fef7107fa5f3979b1e78,-0.007692926527841316
cd40f05e4786ac797fdb6cc1d398d5d1,0.5445296301831568
cd7000b63b2a05e583fc65539a9a7534,0.9364548631214424
cd827f415223c2948be0163c2cddd164,1.1410072712578019
cd90d4dc06843090fe3ff8e36060f03e,1.1712126083733716
cd9b2f7427c230bd974e6e978266bc1a,0.24541807370931226
cddf9e134b28ab6f953631d1be2990a1,0.4911644127762073
ce0e16160d509edf34aed47f0c2c0d23,1.3301966632983468
ce65f0974532940c988705aa2e477983,1.4994600813371488
ce86f744957e623252ce17e71ff99c3c,0.9671400902018816
ce908a2eaace111f3476162f736cf178,0.5348171351703852
ce9322eaeb80442d6b0a4ba51c8c897c,1.146995904057114
cea02d08e75bbf21321c635030487320,0.5495288665720466
cea5235d37b5ac6038493d5ba66bfee2,0.5802814344121459
cedd31a456524ff1878d68abfabdde65,0.936975013930978
cf145585e0c116b22d0169d2f6f45712,1.7758252935166439
cf2f95ea88de2f087f8de7294b127f7e,0.22553072937977114
cf88c8b5242be5f7e8c52c893a59b900,1.4969649764371575
cfaba3343679a6b3b0475108b7279c1c,0.6295488029237464
cfb93a4e0a2bc91e20374a93d6718d26,0.9904673648804552
cfdb18b127750c0b3c39e5c249df5259,0.5220414318590151
d0309d9d828be45c3d6ee8c582eb4090,0.4118779910772205
d142f9d2e28ec329148ad2fd422456d0,1.3079661937512297
d15006198e4ea901c06cbdaa0b03ad7e,-0.12010989621537145
d1b383cdae8e62f38363565ce5d81c60,1.0875488666257167
d1c20bbac0f0d3bc05e1e6237edb9044,0.7009827461437744
d1d8bdc12e9be5f90955eff34aa68927,1.5450210919870142
d2f991a134728587d1fe81923a6a59c9,1.4213166751740938
d31ba956dcb50a6be49f2f2643066c71,0.6556413486443129
d351db66ba66d8ec6ef8e7b5d6bc1a81,-0.01789974447559295
d359d6c99dc86a45e43369486d529373,1.0247282078083246
d384d2f4ec4f1bd5a38786e4fcdc30ca,0.24870682238070035
d3cf2c6b41610b0bc13db9aa1cd3361d,1.0294070811505922
d4191866b0ec208a0b4664dedcac2bc8,0.7162734820041529
d465f9a0606d3886b87f24f9be5d6cb0,1.0292394550775947
d49febf7efe5162748f4f5710a7b65ef,1.1172343383151788
d5416a5c4a2883ed11285d6b54f8fc54,0.7682558740415989
d56a7777a3e6149682e3be492bdb7abb,0.7935980026899028
d56b719cad1fa90af42741580f31e601,0.21463335622486845
d59e83f7850585e5e78c7efb1d750b4c,0.7306419518433821
d5aa53b58ac76aa216480ff41dee9826,1.8345973779162656
d5cc7401a8a8c532247ce160e132dc69,0.9632978165829698
d5e89a3c5395bf4c63ab477050d0fb3e,0.8921627662727821
d669fa35eedd9782bb48870132a1be47,1.8322146622275224
d6833a18c7d9c2b4a01c9dee2550c057,0.813463149108379
d7cf3837b0176cb9a79162a5bea09f31,2.3429610820440483
d8113e932db50aa312e649f783f7664d,0.8882331858034012
d8d47b18ca6b893ae419d505bca4674c,0.6150594057728769
d8d73403171c1d924ead8b24d2b90bab,0.7798660563211712
d8da5bd5e24aa44987c04f7efaf9b31e,0.7062969027737312
d92d357e78a5bb47b51a55414b20ed75,1.1929255733216242
d94cf13a99675c158ab462380eebb4ce,0.2716198270111409
d9df81afabe6f83d5a8eb72338e7cb14,1.4419120064976254
d9e98156e55b2f1ce990cca2268db793,0.7470856120412545
d9f05d70f8c62813354b411891452af6,0.658303953314239
da16d4cde3487598e3189efd1ddbbb96,1.1344227270493985
da768e35274da6aa584278f79aa81596,0.7687204388082971
da8ae212b73969894e3589cb1a2837c8,1.4081204938791239
db00b585b292ea336e55b829b6659efa,1.3489489677883884
db114871a7403e5e6ea5385212e5dfcf,0.9047578538250892
db27f5729928590e9ead82579ef4d687,1.2959523205999421
db41d7212d9825012444f27b30a01d5d,0.5101125067579209
db70179986c75bf365e5dfd812fed496,0.7807829305468815
db7a600e12bdbec9fb35025efa957b87,0.5099061639867419
db7b9da2c2da1f172b9e3b974c5f74d2,0.6222766560635501
dbf67dc6ee78eec9ef0e78900883aec1,1.29761936504519
dd066031edce6f72ceea02deb9297c1e,0.584945011237965
dd5452e84b3506626b406618d4f07e93,0.9034673000651255
ddd1b432f3481370d7252dac51e6dff5,1.557008901988885
ddfd3b946bf8cbde7efb9e8d0a5ac26f,1.0909666912915983
de3613fe231f23289f13acbcc2c5ec55,0.8804707188564789
de91cfa45228a8a6e394a99242fd36b4,1.164412192694587
debc85c54694c4c87ff4b9e396868101,0.3686370298974712
ded0f69eafb9df9e2137c8591ab9e5ee,1.186299918137428
df0b842073cada5667b0af3ffcd527ae,0.8774341792374009
df3de57909e1fbd0846f630aed5353c0,0.44289806885673855
df59584d720928a9c039c092c1fd997f,0.9542390496971342
df5dcfdb3c6e816cf1056c94a8e58edc,0.6978637427170242
df9d37f1437ad3e1f3db911ce339b1ed,0.6067766447483834
df9eaf2a78cd52255a88861f255b1d43,0.6845879312059286
dff0e28c243b5a20945c124c6e3bbe5b,1.5392496376438451
dff1f003c1bcb4a007e2dd295f61d6c1,0.7454926874290932
e069b029a82ca3aef0f69e369c0cd2c3,1.0537021626929417
e07e86cc9a5672bb35bc38c29733e955,0.8045595556528371
e0c10c1cb1989e3f401921dfc044ee2e,0.5868972818825601
e0c4a98b02437e7c4ebd943c416bcaab,1.9573988519719976
e0c674681cbbcf68b911cb4127548b6f,0.5089881928373003
e207d1854e60ab024e364ea70a5c855a,1.297557363639524
e24aa3e4dbde9a9552cbb064627fbf7b,0.8070897413294973
e2eaa5c96c83af32cb336cf4407f29bd,1.708054882128487
e30aa5ae199672739797e95facc08bf0,0.5014802363771889
e326c0fc95175c95d977f0f0361fcffd,0.3264148451675289
e3326308d0ee124a138d9b5ed835401e,0.9713570502006476
e36fd4d6d2ae1ae55cca84c69e0442eb,0.8133845159362946
e38c155736bd913c23c2195c19455d02,0.7309627876085855
e46ba6f182f6fd382c853a7fd28b3388,1.509342214718267
e4b742b5801dada8c6da06c32e187efc,1.4597354274613208
e50635edbb6f99e1d9ed1498db3777b8,0.319914672713836
e50f5d6b49478399bf3bc70848983fc4,1.6456435764631523
e53319d691c399ca362b4f2de4a0fb53,0.6083208534440877
e570a28c690b6c1f615f59086c3c125b,0.9150159688276512
e59ab2b5eab1f73e31d5072b0268bdbb,1.0019918077199559
e5dc72fccb8ebb9ddce5dcdbd8b106b4,0.5082659261444833
e60f853563ec20a735d0238ec00bc607,0.08415488152349215
e697b17acd3d207c493db30cf730d66c,1.5715046096050334
e7ef9e241c98b0282f3fc70fb42a1d61,0.5378791082783049
e81fd370b89d7016519c09ff0afd4416,0.7308707032651625
e8c4243ea2c38eb63b1ff7a36662bdb9,0.8538186768289447
e8ecf1b62ed492eabca266dde217b26d,1.1722339587636663
e921746d00c1d9fe362a808c3b965c0c,1.3609531437830238
e9493f31c2c9d6113e3cc7455f32b426,0.5390199261816147
e971683806c1accbf2e2668dbb9332e7,0.4910128555064421
e9ea27280d7744cf1e47b479ed5f08fd,1.2968036066398516
ea42d4239badd487fbef259fb48487d1,1.0990371080785286
ea50f599c47d1c721a4a7923b278b9e5,1.7171832272691092
ea7e0aed1ca30ffb704fa521edcb26f8,1.3495218099849222
eab1d2b15f9d16f54ac0eaaae01c4763,0.4206504396282588
eb9a31523ea294b9fb4481770ea2029a,0.9178987931087724
ebb8336130f754d70f253abd148b0855,0.7614080590346427
ec570dac4257326e7bb7998758c98e42,1.7567339326541855
ec622602a474c2aa21d4ba8f3b157835,1.4291331420538065
ec83ecaf10b93560e96d958dbc86ba81,0.913965990480564
ed0a62af153775e3d9f1c2cec93b7640,1.1154995694427308
ed94068ec27fa465ba8c71568076e375,0.9425077595888316
edcae2c3515f75ab6f339bf975110206,0.986689984628784
ee402a91a05efd78616f6123a2a55ccf,0.7836553264011384
ee6358290ffcaece32b2cea1e92e8155,1.7022513444811571
eeeb7ec905cace7c72b011cd954822aa,0.9882221721303156
ef7d0e8c914dd5ada4868aa005ccaedd,1.3335517038542959
f06e2010675d3ecc2a131de88a6acc87,1.1708530472618284
f093b287666139382c0bd62f9c68476a,0.24689128119655995
f0ad3ae260919a2eebb39de8f3e8b71a,0.8368201606413692
f0b5382c209e3d5091c13520c96a4a6d,0.8665400709112056
f1be9bea44b77a920fe9878b733e6a75,0.8395059289744924
f1d19a6f95fe3947c46a3669866ad1b0,1.1382121786504975
f1df105a09376aef46147d71631ad2a1,0.4640648304834446
f2101420799f88786a455f9e2bae1dc6,0.34305840111364017
f26b82adbce96d72661885d1905c4a74,1.8895447625122368
f2b173b6f0b34c217a2a701f5785fd88,0.02902183214106802
f2d47c749b3e3d6bf909944c92e5138a,1.829624937632676
f31849720a8d54b348d9309e8a4a61a2,1.3460322014172172
f3248aed60461647743f28ac7f5a97a6,0.029292502410853682
f32510039fea4d319841bf34b642b71a,0.7076751711707715
f3296e5c4a9f047bd4e8351f9f7b4fe3,2.1289346533864464
f39339da6432f44071ad22ca86d3bdb3,0.3586741512904356
f3a1903d54a097072381ee4ce3e53877,0.8415433774285369
f3eadc746e4d29f964482375aa7083df,0.4131039066680439
f3f8a1d256f082d10aa699ca04987ffd,1.0989849591771257
f3fc38b7f4bc2e48ddfd13062be77086,2.1545795425290035
f41a2ea2deb65dfe3ad8d84e9ba3f0ef,1.7326498819468483
f455ac3c82c67fda93b5653e67c19d3c,1.2461208896669662
f46b94b7f1ef9d0fb813fa82957255e0,-0.26019562550106873
f48ff57d2485178c505d99f7278c65a2,0.7148544135250223
f49dc23f029c1a40adc4e63ed2eeae35,1.4977951218025631
f4d3f38ae17f1269cec1984150b49e9b,1.0042349007133864
f4e7e2cad61c29958f42ccfc537b2402,1.8305540509910447
f53b8bcdc2257cd5d1aa5c631f51bae5,0.8457646018162612
f5665f2e0f521fc6fa721eb4bfd4ba93,0.8660115258012103
f5708399f8d20ee445caeb6564b4bee9,1.841286743671848
f5d95b9b603ad4e1e40dcec8ccdb6412,1.5578697730093105
f5f789f639ee222adf2e288bd9bdd675,0.15799632554100804
f61239603f3c4991d8ce02a4ec807113,0.7473164911530792
f67417c697b3892a183158634fd8a9f1,0.7281238764591271
f6fc39504209298f6c6c0f2b56f7bab4,1.306880570575132
f708a6a1743b804c8b242806e21307a0,0.9315529690857208
f7824ee9aca5a408a61ff97ba40b2e01,1.4913850914851778
f7bbb05c3d8d582cba8d13902c658b02,0.5238489353000167
f82cc78e1c896e84c05b38f6af04f9f7,0.4622163921087124
f840d0de205d47c21198c3844928e8c3,0.95384591487202
f8ac877f8850540e93592fbf3dbf04b5,0.4182451716521356
f8c607e2174e485edebc8645a55d0b07,0.9728434913895058
f8f34f68a21915ada205edde08ab52a7,1.1565067558014321
f8f4497d6838e31135bed2ff154d35da,1.3306793871272782
f947e426874b86b6085ab405d0936dc1,1.237747951499262
f96e90fd6a1b2f1069d719389f0317fc,1.5067690598770307
f975556517b12ffbd6f8d073d0c63b1d,0.8726993824823298
f99fafbe0a3fae28ac4277f0c8979c14,1.2928574643404425
f9de42b507667e9a07ffc2bc72ea38b8,0.016669887503335867
fa1c0408259644d9d84637ad12f037f1,1.2660601147754529
fa5154f6f84390592ba07fb70d75a1c3,1.2040306029911074
fa5c5884efc8465a2c0ad54fba16ccf0,1.7932353617149848
fa705af6298bafe240c2c816826ec09a,0.24700760416921716
fa89eebff8ac34c3a2e2ca410720efb1,0.037958043563717285
fb2d3e3432b03b94dc3c412bd6b9ff3d,0.989987040898994
fb6429e2e76b4aa6c4e93172495376d4,0.6921628166051381
fb6d99da93ea46fb3483a964b0311c55,1.3564774770992805
fbaebc3f8be09bb492a1c64cb3f64e41,0.6141450081956216
fbcaf605a9a7835274c0bba128eba023,1.5129082049097529
fbdeea4c68d41cbd655044baab667c74,0.8244080432277543
fc88c97339488e22e35940d72b35729e,0.3325319014777185
fc91553e247fbf6c4e1784855767513f,0.9892313276951956
fcfe3241da46126210e02064acfe4c45,0.9434578180462292
fd26a5548c8a86c64f674b81623bdda4,0.8465939629241522
fd317a1383b66136d0d6d5581fc3fd37,-0.0907656241525221
fd334124d2fbdf3a4550e3821146737f,1.2317793474001275
fd3b05ceb70d02109f6607fa68847553,1.2825370925791495
fd88d3828ffb8bf585f44fe9a3a96382,1.5189318230021491
fde4eacb728e85f79ad6ea3f19aea21a,0.0012425726477798273
fe3c0e2da9ca215da546ae6c2da56d55,1.0218147818650627
fe67e5e4edda526f0b8e314b08b18791,1.3457313372166024
fe6ae42a676c1087bec49aa5b592d6e8,0.7682533345709899
fef1318e5d0484f181e9339b07811b8e,0.291290209185646
ffb85645c9e7c69a1fd36558b4f277c0,1.360433415545789
ffcbecb61209c3e6ec56d43def2cbdf6,0.8857329747340454
